{
  "publicPath": "/dist/",
  "all": [
    "7.88838acd.js",
    "0.88838acd.js",
    "2.88838acd.js",
    "3.88838acd.js",
    "4.88838acd.js",
    "5.88838acd.js",
    "6.88838acd.js",
    "1.88838acd.js",
    "8.88838acd.js",
    "9.88838acd.js",
    "10.88838acd.js",
    "11.88838acd.js",
    "index.88838acd.js",
    "lib.min.88838acd.js",
    "manifest.88838acd.js"
  ],
  "initial": [
    "manifest.88838acd.js",
    "lib.min.88838acd.js",
    "index.88838acd.js"
  ],
  "async": [
    "7.88838acd.js",
    "0.88838acd.js",
    "2.88838acd.js",
    "3.88838acd.js",
    "4.88838acd.js",
    "5.88838acd.js",
    "6.88838acd.js",
    "1.88838acd.js",
    "8.88838acd.js",
    "9.88838acd.js",
    "10.88838acd.js",
    "11.88838acd.js"
  ],
  "modules": {
    "88331168": [
      2
    ],
    "73560b69": [
      13
    ],
    "16d027d1": [
      12
    ],
    "5fde8cd7": [
      13
    ],
    "e9db7f30": [
      12
    ],
    "5c19cafc": [
      13
    ],
    "7b39331d": [
      12
    ],
    "0f7b8e4c": [
      12
    ],
    "5d35f08a": [
      12
    ],
    "1a1104d2": [
      13
    ],
    "3c4763ad": [
      11
    ],
    "5da7d324": [
      10
    ],
    "6610c92f": [
      9
    ],
    "0a150820": [
      8
    ],
    "66150ed8": [
      0
    ],
    "61da2b55": [
      6
    ],
    "128243d4": [
      5
    ],
    "424a5c2e": [
      1
    ],
    "322616c2": [
      4
    ],
    "e0b2bf48": [
      3
    ],
    "3ccffe00": [
      2
    ],
    "c5491b0e": [
      7
    ],
    "4fa4b9f9": [
      11
    ],
    "36ed268c": [
      10
    ],
    "796e1f7b": [
      9
    ],
    "0e52d23c": [
      8
    ],
    "18045fe0": [
      0
    ],
    "a62ddabe": [
      6
    ],
    "41cdc562": [
      5
    ],
    "3728451d": [
      1
    ],
    "0b6b6a2a": [
      4
    ],
    "19415ee0": [
      3
    ],
    "14ae34a6": [
      7
    ],
    "38a9fbb4": [
      1
    ],
    "a0e02c18": [
      7
    ],
    "b094d828": [
      5
    ],
    "61a22ee8": [
      3
    ],
    "4e07d072": [
      10
    ],
    "46944fb6": [
      1
    ],
    "7497a661": [
      4
    ],
    "4017cb7b": [
      9
    ],
    "2fdbdaac": [
      0
    ],
    "19196c2b": [
      6
    ],
    "5850c1e0": [
      8
    ],
    "00030fb2": [
      11
    ],
    "1d4823aa": [
      2
    ],
    "4d2158d2": [
      11
    ],
    "6e540658": [
      10
    ],
    "0338b919": [
      9
    ],
    "cfc5284c": [
      8
    ],
    "c0367784": [
      0
    ],
    "34c976ff": [
      6
    ],
    "6ca3ac80": [
      5
    ],
    "328d7ece": [
      1
    ],
    "f7d636ee": [
      4
    ],
    "0012ffcc": [
      3
    ],
    "b8ee35ac": [
      2
    ],
    "b58c3dae": [
      7
    ],
    "ab17f5aa": [
      7
    ],
    "2ff1b2d6": [
      5
    ],
    "800334fa": [
      3
    ],
    "021c39b0": [
      10
    ],
    "41786aed": [
      1
    ],
    "c4906f6c": [
      4
    ],
    "6937ed64": [
      9
    ],
    "702d6d55": [
      0
    ],
    "596afed4": [
      6
    ],
    "fd1e386e": [
      8
    ],
    "291e9a10": [
      11
    ],
    "ceaca85a": [
      2
    ],
    "72e7d20e": [
      7
    ],
    "abd3d8f6": [
      5
    ],
    "33d08172": [
      3
    ],
    "3dd0c33a": [
      10
    ],
    "33bea852": [
      1
    ],
    "6b6026e2": [
      4
    ],
    "1fd307a8": [
      9
    ],
    "7b1060fe": [
      0
    ],
    "3fdf1478": [
      6
    ],
    "6623e376": [
      8
    ],
    "0a89c438": [
      11
    ],
    "7571f6ca": [
      2
    ]
  }
}